qbca,kmeans,gmm,padding
0.733118073528001,0.7483723933229484,0.7667089075053094,
