qbca,kmeans,gmm,padding
0.741932298462625,0.7582057278194196,0.777705890628253,
