qbca,kmeans,gmm,padding
0.7163421126838475,0.7302382722834697,0.744526430873875,
